{"cameraMode":{"drawMode":0,"name":"Shaded","section":"Shading Mode"},"sceneLighting":true,"audioPlay":false,"sceneViewState":{"showFog":true,"showMaterialUpdate":true,"showSkybox":true,"showFlares":true,"showImageEffects":true,"showParticleSystems":true},"in2DMode":false,"pivot":{"x":-1.160330057144165,"y":2.5892395973205568,"z":-2.8327078819274904},"rotation":{"x":0.14953471720218659,"y":0.3819951117038727,"z":-0.06278491765260697,"w":0.9098368287086487},"size":3.8757927417755129,"orthographic":true}