{"cameraMode":{"drawMode":0,"name":"Shaded","section":"Shading Mode"},"sceneLighting":false,"audioPlay":false,"sceneViewState":{"showFog":true,"showMaterialUpdate":true,"showSkybox":false,"showFlares":true,"showImageEffects":true,"showParticleSystems":true},"in2DMode":false,"pivot":{"x":12.120000839233399,"y":2.339409828186035,"z":0.20000001788139344},"rotation":{"x":0.12664037942886353,"y":-0.5450574159622192,"z":0.08371489495038986,"w":0.8245401978492737},"size":11.679169654846192,"orthographic":true}