{"cameraMode":{"drawMode":0,"name":"Shaded","section":"Shading Mode"},"sceneLighting":true,"audioPlay":false,"sceneViewState":{"showFog":true,"showMaterialUpdate":true,"showSkybox":true,"showFlares":true,"showImageEffects":true,"showParticleSystems":true},"in2DMode":false,"pivot":{"x":-2.0782783031463625,"y":-1.4561138153076172,"z":-0.06122112274169922},"rotation":{"x":0.27599582076072695,"y":-0.22651590406894685,"z":0.06710214912891388,"w":0.9316755533218384},"size":12.741333961486817,"orthographic":false}