{"cameraMode":{"drawMode":0,"name":"Shaded","section":"Shading Mode"},"sceneLighting":false,"audioPlay":false,"sceneViewState":{"showFog":true,"showMaterialUpdate":true,"showSkybox":false,"showFlares":true,"showImageEffects":true,"showParticleSystems":true},"in2DMode":false,"pivot":{"x":-0.02499997615814209,"y":2.484471559524536,"z":12.230000495910645},"rotation":{"x":0.2516913115978241,"y":-0.649017870426178,"z":0.24162714183330537,"w":0.6760504245758057},"size":10.858898162841797,"orthographic":false}