{"cameraMode":{"drawMode":0,"name":"Shaded","section":"Shading Mode"},"sceneLighting":false,"audioPlay":false,"sceneViewState":{"showFog":true,"showMaterialUpdate":true,"showSkybox":false,"showFlares":true,"showImageEffects":true,"showParticleSystems":true},"in2DMode":false,"pivot":{"x":-0.019999980926513673,"y":8.467175483703614,"z":0.37124305963516238},"rotation":{"x":0.1726934164762497,"y":-0.12081845104694367,"z":0.02134901098906994,"w":0.9773055911064148},"size":65.89976501464844,"orthographic":true}